symbol,target_contract,target_lots,target_exposure,held_contract,held_lots,roll_required,delta_lots,ref_close,multiplier,margin_rate,est_margin_cny,signal_tsmom,signal_carry,eligible
AG,AG2612,-0.0,-0.0010689909668582858,,0.0,False,-0.0,15653.0,15.0,0.22,0.0,0.028334065082452994,-0.03567106314219974,True
AL,AL2611,4.0,0.16032715899887118,AL2610,1.0,True,4.0,24130.0,5.0,0.11,53086.0,0.19899741955038075,0.03912434887786278,True
AU,AU2612,-0.0,-0.05552478665605021,,0.0,False,-0.0,934.2,1000.0,0.16,0.0,-0.09868549193434255,-0.10819287395312736,True
CU,CU2610,1.0,0.26665592374004504,,0.0,False,1.0,107430.0,5.0,0.11,59086.5,0.43506377883765157,0.17393980584927032,True
NI,NI2610,-5.0,-0.19895345670770737,NI2610,-1.0,False,-4.0,121840.0,1.0,0.12,73104.0,-0.4606457600965454,-0.10243216027383685,True
RB,RB2701,-7.0,-0.07078177754910839,RB2701,-4.0,False,-3.0,3126.0,10.0,0.07,15317.400000000001,-0.04633895989446931,-0.06900138738228452,True
RU,RU2701,1.0,0.08917248298225526,,0.0,False,1.0,18845.0,10.0,0.09,16960.5,0.2568677673913696,0.0,True
SC,SC2611,1.0,0.16714786047858254,,0.0,False,1.0,838.4,1000.0,0.16,134144.0,0.6786631232792776,0.9996092207415574,True
SN,SN2610,-0.0,-0.0052478367512667195,,0.0,False,-0.0,395320.0,1.0,0.14,0.0,0.03881864903847329,-0.05901912361344728,True
