date,equity,realized_pnl,fees_paid,slippage_paid,margin_used,n_positions,pnl_by_symbol
2026-09-16,3000000.0,0.0,0.0,0.0,0.0,0,{}
2026-09-17,2996922.7975,0.0,267.2025,1140.0,354735.80000000005,17,"{""AL"": -450.0, ""C"": 2560.0, ""CF"": -1650.0, ""CU"": 400.0, ""I"": 300.0, ""J"": 450.0, ""JD"": 50.0, ""M"": 0.0, ""MA"": -3420.0, ""NI"": 330.0, ""P"": 1020.0, ""RB"": -240.0, ""SA"": -80.0, ""SR"": 1520.0, ""TA"": -2560.0, ""V"": 720.0, ""Y"": -1760.0}"
2026-09-18,2990866.5974999997,400.0,303.4025,1400.0,394647.5,17,"{""C"": 2570.0, ""CF"": -900.0, ""CU"": 7100.0, ""I"": -700.0, ""J"": -7950.0, ""JD"": 1450.0, ""M"": -5610.0, ""MA"": -4320.0, ""NI"": -980.0, ""P"": 3940.0, ""RB"": 1920.0, ""SA"": -320.0, ""SR"": 2100.0, ""TA"": -7440.0, ""V"": 6000.0, ""Y"": -4480.0, ""AL"": 1200.0}"
2026-09-21,2982865.1845,-1705.0,344.8155,1625.0,412440.20000000007,17,"{""C"": 3240.0, ""CF"": 175.0, ""CU"": 2150.0, ""I"": -300.0, ""J"": -1050.0, ""JD"": 360.0, ""M"": -3040.0, ""MA"": -2340.0, ""NI"": 320.0, ""P"": 1240.0, ""RB"": -320.0, ""SA"": -920.0, ""SR"": -330.0, ""TA"": -2160.0, ""V"": -1620.0, ""Y"": -160.0, ""AL"": -1100.0}"
2026-09-22,2989501.7535,-2365.0,373.24649999999997,1745.0,410388.55000000005,17,"{""C"": 270.0, ""CF"": 275.0, ""CU"": 6300.0, ""I"": 800.0, ""J"": 1200.0, ""JD"": 2660.0, ""M"": 1520.0, ""MA"": -1980.0, ""P"": 680.0, ""RB"": -650.0, ""SA"": -400.0, ""SR"": -1650.0, ""TA"": 100.0, ""V"": -780.0, ""Y"": 980.0, ""AL"": -1300.0, ""NI"": -700.0}"
2026-09-23,2969375.1025,135.0,399.8975,1835.0,432385.05000000005,17,"{""C"": -2430.0, ""CF"": -450.0, ""CU"": 550.0, ""I"": -400.0, ""J"": -1150.0, ""JD"": -300.0, ""M"": 320.0, ""MA"": -5580.0, ""RB"": 200.0, ""SA"": 340.0, ""SR"": -2860.0, ""TA"": -6600.0, ""V"": -660.0, ""Y"": -380.0, ""AL"": -300.0, ""NI"": -1690.0, ""SN"": -1210.0}"
2026-09-24,2972121.3745,135.0,408.6255,1865.0,444444.7,18,"{""C"": 1890.0, ""CF"": 225.0, ""CU"": -2750.0, ""I"": 400.0, ""J"": -1300.0, ""JD"": -1200.0, ""M"": -720.0, ""MA"": 2250.0, ""RB"": 360.0, ""SA"": 960.0, ""SR"": -3300.0, ""TA"": 7040.0, ""V"": -960.0, ""Y"": 320.0, ""AL"": 300.0, ""NI"": 800.0, ""SN"": -1150.0, ""P"": -410.0}"
2026-09-28,2960933.8844999997,-7815.0,481.1155,2035.0,458405.95,18,"{""C"": -810.0, ""CF"": 975.0, ""I"": 1400.0, ""J"": -2200.0, ""JD"": -1950.0, ""M"": -1520.0, ""MA"": 3780.0, ""RB"": 770.0, ""SA"": 120.0, ""SR"": 2860.0, ""TA"": -1100.0, ""V"": 240.0, ""Y"": -1200.0, ""AL"": -3200.0, ""NI"": 1620.0, ""P"": 3640.0, ""CU"": -2700.0, ""SN"": -3890.0}"
2026-09-29,2961813.6925,-8655.0,506.3075,2085.0,440883.79999999993,18,"{""C"": -1350.0, ""CF"": -975.0, ""I"": 600.0, ""J"": 700.0, ""JD"": -880.0, ""M"": -3120.0, ""MA"": 1170.0, ""RB"": -630.0, ""SA"": -720.0, ""SR"": 3300.0, ""TA"": 220.0, ""V"": -480.0, ""Y"": -280.0, ""AL"": -1200.0, ""NI"": 670.0, ""P"": 4160.0, ""CU"": -650.0, ""SN"": 1210.0}"
2026-09-30,2962347.3864999996,-9155.0,562.6135,2455.0,455213.39999999997,18,"{""C"": -270.0, ""CF"": -1100.0, ""I"": 600.0, ""J"": 900.0, ""JD"": -230.0, ""M"": 1760.0, ""MA"": -1080.0, ""RB"": -490.0, ""SA"": 1220.0, ""SR"": 880.0, ""TA"": 770.0, ""V"": -4520.0, ""Y"": 790.0, ""AL"": -2400.0, ""NI"": 1300.0, ""P"": -880.0, ""CU"": 1350.0, ""SN"": 2490.0}"
